{"training/entropy_loss":-0.00815125647932291,"eval/episode_bonus_reward":372.40625,"eval/avg_episode_length":99.0234375,"_runtime":284.154531132,"training/walltime":118.69924688339233,"_timestamp":1.7575407087991974e+09,"training/total_loss":0.011473478749394417,"eval/sps":7968.815765959127,"eval/episode_reach_reward":-9.487581253051758,"eval/episode_penalty_reward_std":23.747943878173828,"training/policy_loss":-0.03986566513776779,"eval/episode_bonus_reward_std":272.7117614746094,"_step":3379200,"_wandb":{"runtime":284},"eval/episode_penalty_reward":-17.1875,"eval/episode_reach_reward_std":6.699978828430176,"training/sps":31051.38554512787,"eval/std_episode_length":70.45260620117188,"eval/walltime":22.30577278137207,"training/v_loss":0.059490401297807693,"eval/episode_reward":345.731201171875,"rollout_video":{"_type":"video-file","sha256":"91de81d46c84498f8afec7c8e1bec4467cccaa548cd230ba7d5a4ebc9fc23651","size":21434,"path":"media/videos/rollout_video_2816000_91de81d46c84498f8afe.mp4"},"eval/epoch_eval_time":2.4093918800354004,"eval/episode_reward_std":289.8154602050781}