{"eval/episode_penalty_reward":0,"eval/episode_bonus_reward":641.125,"eval/epoch_eval_time":1.71028733253479,"eval/avg_episode_length":150,"eval/episode_solved":0.4921875,"training/entropy_loss":0.02517290599644184,"eval/sps":11226.183831662942,"eval/episode_penalty_reward_std":0,"eval/std_episode_length":0,"_step":5068800,"training/sps":34792.8457852681,"training/policy_loss":-0.011014732532203197,"eval/episode_solved_frac":0.24804677069187164,"eval/episode_bonus_reward_std":123.03752899169922,"eval/episode_reward_std":123.49640655517578,"training/v_loss":0.07300107181072235,"training/total_loss":0.08715923875570297,"eval/episode_reach_reward":-11.832911491394043,"_timestamp":1.7575507216988413e+09,"eval/episode_solved_std":0.49993896484375,"eval/episode_reward":629.2921142578125,"rollout_video":{"_type":"video-file","sha256":"63b99cb3a7b9b859dbf0ded588d25301643700333fc41d829a8957f1eea351f9","size":223792,"path":"media/videos/rollout_video_4505600_63b99cb3a7b9b859dbf0.mp4"},"eval/episode_solved_frac_std":0.3036985397338867,"eval/episode_reach_reward_std":0.5135348439216614,"_wandb":{"runtime":422},"eval/walltime":21.90895175933838,"training/walltime":157.31342005729675,"_runtime":422.266190813}