{"eval/episode_reward":-48.144386291503906,"eval/episode_penalty_reward_std":0,"training/walltime":19.804394245147705,"eval/episode_bonus_reward_std":7.183966159820557,"_runtime":282.508092451,"eval/std_episode_length":5.050858020782471,"eval/episode_reward_std":6.693316459655762,"eval/episode_reach_reward":-0.5193856358528137,"eval/episode_solved":0,"eval/episode_bonus_reward":2.375,"eval/episode_solved_frac_std":0,"rollout_video":{"path":"media/videos/rollout_video_245760_e4e9984a00fb1e33593b.mp4","_type":"video-file","sha256":"e4e9984a00fb1e33593b4d1a076529d0579d4e39ff02e0430aef1eadaea84f0f","size":210171},"training/total_loss":23123.685546875,"training/v_loss":23123.685546875,"eval/episode_solved_frac":0,"eval/walltime":23.847198486328125,"eval/sps":7056.775114325556,"eval/avg_episode_length":3.2734375,"eval/episode_reach_reward_std":0.6803758144378662,"eval/epoch_eval_time":1.8138597011566162,"training/entropy_loss":-0.017671238631010056,"_wandb":{"runtime":282},"_timestamp":1.7575830136523998e+09,"training/policy_loss":0.016657613217830658,"training/sps":26444.400430994676,"_step":276480,"eval/episode_solved_std":0,"eval/episode_penalty_reward":-50}