{"eval/episode_bonus_reward_std":15.345499992370605,"eval/episode_reach_reward":-2.1551384925842285,"eval/episode_reward":-44.03013610839844,"_timestamp":1.7575168651560183e+09,"eval/episode_bonus_reward":8.125,"eval/sps":1822.989272654311,"eval/walltime":10.532151937484741,"eval/episode_reward_std":14.177874565124512,"eval/episode_penalty_reward_std":0,"_runtime":58.807535879,"_step":0,"eval/epoch_eval_time":10.532151937484741,"eval/episode_penalty_reward":-50,"_wandb":{"runtime":58},"eval/avg_episode_length":12.6796875,"eval/std_episode_length":13.366781234741211,"eval/episode_reach_reward_std":2.1323022842407227}