{"eval/episode_reach_reward_std":2.1322598457336426,"eval/epoch_eval_time":10.183823585510254,"_step":0,"eval/walltime":10.183823585510254,"eval/sps":1885.3429499032309,"eval/episode_penalty_reward_std":0,"_timestamp":1.7575158135560615e+09,"eval/episode_reach_reward":-2.1550984382629395,"eval/avg_episode_length":12.6796875,"eval/std_episode_length":13.366781234741211,"_runtime":132.477787087,"_wandb":{"runtime":132},"eval/episode_penalty_reward":-50,"eval/episode_bonus_reward":8.09375,"eval/episode_reward_std":14.186051368713379,"eval/episode_bonus_reward_std":15.3497953414917,"eval/episode_reward":-44.06134796142578}