{"eval/episode_bonus_reward_std":123.09847259521484,"eval/episode_reward_std":133.28143310546875,"eval/episode_bonus_reward":60.125,"_wandb":{"runtime":86},"_step":0,"_runtime":86.555125422,"eval/episode_reach_reward_std":10.189688682556152,"eval/episode_penalty_reward":-31.25,"eval/sps":2493.3021263831943,"eval/avg_episode_length":72.5390625,"eval/epoch_eval_time":7.700631141662598,"eval/walltime":7.700631141662598,"eval/episode_reach_reward":-11.4858980178833,"eval/episode_penalty_reward_std":24.206146240234375,"eval/episode_reward":17.389102935791016,"eval/std_episode_length":66.51384735107422,"_timestamp":1.757514918428825e+09}