{"eval/episode_reach_reward":-2.1550722122192383,"eval/avg_episode_length":12.6796875,"_wandb":{"runtime":179},"eval/episode_penalty_reward_std":0,"eval/std_episode_length":13.366781234741211,"eval/sps":1923.690107703101,"_timestamp":1.7575160616104507e+09,"eval/episode_reward_std":14.178084373474121,"eval/episode_bonus_reward":8.125,"eval/epoch_eval_time":9.980817556381226,"_step":0,"eval/episode_reward":-44.03007125854492,"eval/episode_bonus_reward_std":15.345499992370605,"eval/episode_penalty_reward":-50,"eval/episode_reach_reward_std":2.1321840286254883,"_runtime":179.247754394,"eval/walltime":9.980817556381226}