{"eval/episode_bonus_reward":132.59375,"eval/std_episode_length":40.389434814453125,"eval/avg_episode_length":21.8828125,"eval/sps":3112.405564765544,"_timestamp":1.7576113700881543e+09,"training/walltime":510.04288840293884,"_runtime":3782.458889158,"eval/episode_bonus_reward_std":261.50958251953125,"rollout_video":{"size":192800,"path":"media/videos/rollout_video_9216000_ca5f76442cdbf87f8959.mp4","_type":"video-file","sha256":"ca5f76442cdbf87f8959dfe2f0e7af060e34497f2e35a3bc1574207d2272947f"},"eval/episode_reach_reward":-1.5127731561660767,"eval/episode_reach_reward_std":2.5459699630737305,"eval/episode_penalty_reward":-39.453125,"eval/walltime":137.36900329589844,"eval/episode_solved":0.1875,"training/entropy_loss":0.008688734844326973,"eval/episode_solved_frac":0.12765619158744812,"training/policy_loss":-0.017474329099059105,"eval/episode_reward":91.62785339355469,"_step":9472000,"eval/episode_solved_frac_std":0.27877920866012573,"training/sps":19077.32732595344,"eval/epoch_eval_time":4.112574577331543,"eval/episode_reward_std":279.126220703125,"_wandb":{"runtime":3782},"training/v_loss":48.09590148925781,"eval/episode_penalty_reward_std":20.398704528808594,"training/total_loss":48.08711624145508,"eval/episode_solved_std":0.3903123736381531}