{"eval/epoch_eval_time":1.5940425395965576,"_wandb":{"runtime":391},"eval/episode_penalty_reward_std":0,"eval/episode_reward_std":50.972389221191406,"training/entropy_loss":0.046604763716459274,"eval/std_episode_length":0,"_step":5068800,"_runtime":391.937091133,"rollout_video":{"_type":"video-file","sha256":"a1a56d63dc5eec95444748b77f8933387f95a8614933e1dcfa231a68dd420686","size":205112,"path":"media/videos/rollout_video_4505600_a1a56d63dc5eec954447.mp4"},"eval/episode_reward":849.2422485351562,"eval/episode_reach_reward_std":0.27229487895965576,"eval/episode_penalty_reward":0,"training/sps":35061.63247105477,"eval/avg_episode_length":150,"training/v_loss":0.030710676684975624,"_timestamp":1.7575471137103827e+09,"training/policy_loss":-0.004840133711695671,"eval/walltime":21.376070737838745,"eval/episode_reach_reward":-11.320291519165039,"eval/sps":12044.847940419082,"eval/episode_bonus_reward":860.5625,"training/walltime":154.16180992126465,"training/total_loss":0.07247530668973923,"eval/episode_bonus_reward_std":50.75365447998047}