{"eval/epoch_eval_time":8.077685117721558,"eval/walltime":8.077685117721558,"_timestamp":1.7575140703521786e+09,"eval/sps":2376.9185998445646,"eval/std_episode_length":66.50643920898438,"eval/episode_bonus_reward":60.125,"eval/episode_reach_reward_std":10.187880516052246,"eval/episode_reach_reward":-11.487422943115234,"eval/episode_reward_std":133.2471466064453,"_wandb":{"runtime":106},"_step":0,"eval/episode_penalty_reward":-31.25,"_runtime":106.001738817,"eval/episode_reward":17.387577056884766,"eval/episode_bonus_reward_std":123.06089782714844,"eval/avg_episode_length":72.546875,"eval/episode_penalty_reward_std":24.206146240234375}