{"eval/episode_reward":17.29541778564453,"eval/episode_reach_reward_std":10.189626693725586,"eval/episode_bonus_reward":60.03125,"_runtime":18.469465984,"eval/episode_penalty_reward_std":24.206146240234375,"eval/std_episode_length":66.51384735107422,"eval/episode_reach_reward":-11.485833168029785,"eval/episode_bonus_reward_std":122.99440002441406,"_wandb":{"runtime":18},"_timestamp":1.7575134342381725e+09,"_step":0,"eval/epoch_eval_time":7.699808835983276,"eval/avg_episode_length":72.5390625,"eval/episode_penalty_reward":-31.25,"eval/sps":2493.5684000716014,"eval/episode_reward_std":133.1708526611328,"eval/walltime":7.699808835983276}