{"_runtime":256.386772248,"eval/episode_penalty_reward":0,"eval/episode_reward_std":47.04833984375,"eval/episode_bonus_reward_std":34.605125427246094,"training/walltime":47.92559456825256,"eval/avg_episode_length":150,"eval/episode_reward":1045.338623046875,"eval/std_episode_length":0,"eval/epoch_eval_time":0.8391072750091553,"_timestamp":1.7575419928317716e+09,"training/sps":69355.88431282878,"eval/episode_act_reg_reward":-100.73968505859375,"eval/episode_pose_reward":-13.140398979187012,"eval/walltime":8.886255025863647,"eval/episode_bonus_reward":1159.21875,"rollout_video":{"path":"media/videos/rollout_video_2252800_92305aa0a2bd9afa1870.mp4","_type":"video-file","sha256":"92305aa0a2bd9afa18705f47d754fdd15c4472ad8ab87ab70f8c70bbc3bb0315","size":18509},"eval/episode_act_reg_reward_std":6.620996475219727,"training/total_loss":0.045080505311489105,"training/entropy_loss":0.015470393933355808,"_step":2816000,"eval/sps":22881.460537677394,"training/policy_loss":0.024779144674539566,"_wandb":{"runtime":256},"training/v_loss":0.0048309615813195705,"eval/episode_penalty_reward_std":0,"eval/episode_pose_reward_std":6.19760274887085}