{"eval/episode_reward_std":48.06201934814453,"training/v_loss":0.005714448634535074,"eval/avg_episode_length":150,"rollout_video":{"size":41442,"path":"media/videos/rollout_video_563200_1fc97a8b2f5679ede18d.mp4","_type":"video-file","sha256":"1fc97a8b2f5679ede18d8501133d37922ebfd27a93a8866b02aafae26fcd4c74"},"eval/episode_penalty_reward_std":0,"_wandb":{"runtime":127},"training/walltime":23.485482215881348,"eval/episode_bonus_reward_std":31.265356063842773,"_step":1126400,"training/sps":74246.20669006398,"training/policy_loss":0.0028858708683401346,"training/entropy_loss":0.005621613468974829,"eval/sps":27461.502640075403,"eval/episode_pose_reward_std":7.133181095123291,"eval/epoch_eval_time":0.6991605758666992,"eval/walltime":6.960658550262451,"training/total_loss":0.014221933670341969,"eval/episode_bonus_reward":1163.40625,"eval/episode_act_reg_reward":-33.214359283447266,"eval/std_episode_length":0,"_runtime":127.108638378,"eval/episode_pose_reward":-10.308443069458008,"eval/episode_reward":1119.883544921875,"eval/episode_act_reg_reward_std":20.058149337768555,"eval/episode_penalty_reward":0,"_timestamp":1.7575426174983392e+09}