{"eval/episode_penalty_reward_std":0,"eval/episode_bonus_reward":63.03125,"eval/walltime":10.614404439926147,"eval/sps":12059.084494512685,"_timestamp":1.757511718972207e+09,"eval/episode_reward_std":120.31779479980469,"eval/avg_episode_length":106.9140625,"eval/episode_reach_reward_std":18.920509338378906,"eval/episode_reward":-4.971390247344971,"_runtime":33.596141979,"eval/episode_bonus_reward_std":128.5182342529297,"_step":0,"eval/episode_penalty_reward":-50,"_wandb":{"runtime":33},"eval/episode_reach_reward":-18.002643585205078,"eval/std_episode_length":114.53738403320312,"eval/epoch_eval_time":10.614404439926147}