{"training/walltime":15.207020282745361,"training/sps":37035.52632457751,"training/v_loss":0.7130277156829834,"eval/episode_penalty_reward_std":0,"eval/episode_act_reg_reward":-105.03945922851562,"_timestamp":1.757541729293904e+09,"eval/episode_reward":1040.070556640625,"training/entropy_loss":0.0009362769196741283,"_runtime":92.040553912,"eval/sps":32362.208248138573,"eval/episode_bonus_reward":1155.9375,"eval/episode_reward_std":50.23688507080078,"eval/episode_bonus_reward_std":34.75263977050781,"eval/episode_act_reg_reward_std":10.44765853881836,"eval/episode_pose_reward_std":6.20613431930542,"eval/epoch_eval_time":0.5932846069335938,"eval/walltime":5.872781753540039,"eval/episode_pose_reward":-10.827428817749023,"eval/std_episode_length":0,"_wandb":{"runtime":92},"rollout_video":{"sha256":"7d08c823a0234c559f2797ca289cc4569d3bb5483327d7847a4f3e7baf0a2ff9","size":18787,"path":"media/videos/rollout_video_0_7d08c823a0234c559f27.mp4","_type":"video-file"},"_step":563200,"training/policy_loss":-0.014166900888085365,"training/total_loss":0.6997970342636108,"eval/episode_penalty_reward":0,"eval/avg_episode_length":150}