{"eval/episode_penalty_reward":-50,"eval/sps":1954.3720422701144,"rollout_video":{"size":21650,"path":"media/videos/rollout_video_0_d257eeeb8c7dd28d3c79.mp4","_type":"video-file","sha256":"d257eeeb8c7dd28d3c79ee23e57eea77872dc74e916ca795047e499117044d0c"},"eval/episode_reward_std":14.178049087524414,"eval/episode_reach_reward":-2.1550986766815186,"eval/episode_bonus_reward":8.125,"eval/episode_bonus_reward_std":15.345499992370605,"_wandb":{"runtime":180},"eval/episode_penalty_reward_std":0,"_step":0,"eval/avg_episode_length":12.6796875,"eval/episode_reach_reward_std":2.1322035789489746,"eval/walltime":9.824127435684204,"_runtime":180.450779702,"eval/epoch_eval_time":9.824127435684204,"eval/episode_reward":-44.03009796142578,"_timestamp":1.757517077904838e+09,"eval/std_episode_length":13.366781234741211}