{"_step":0,"eval/episode_reach_reward_std":18.92416000366211,"eval/episode_reward":-4.97052001953125,"eval/episode_penalty_reward_std":0,"eval/std_episode_length":114.54586791992188,"eval/episode_penalty_reward":-50,"eval/episode_reach_reward":-18.00177574157715,"eval/episode_bonus_reward":63.03125,"_timestamp":1.757511138884693e+09,"_wandb":{"runtime":21},"eval/walltime":11.044758558273315,"eval/episode_reward_std":120.21065521240234,"eval/sps":11589.207615961766,"eval/avg_episode_length":106.90625,"_runtime":21.241677213,"eval/epoch_eval_time":11.044758558273315,"eval/episode_bonus_reward_std":128.41021728515625}