{"eval/sps":2457.2275314590834,"eval/episode_penalty_reward_std":0,"eval/episode_reward_std":5.975006103515625,"eval/episode_penalty_reward":-50,"eval/episode_reward":-33.1146240234375,"_runtime":22.794044201,"_timestamp":1.7575459866702049e+09,"eval/episode_bonus_reward_std":6.0672502517700195,"_step":0,"_wandb":{"runtime":22},"eval/episode_reach_reward":-4.145877838134766,"eval/avg_episode_length":26.0234375,"eval/std_episode_length":2.4026834964752197,"eval/walltime":7.8136842250823975,"eval/episode_reach_reward_std":0.3987404704093933,"eval/epoch_eval_time":7.8136842250823975,"eval/episode_bonus_reward":21.03125}