{"_step":0,"eval/std_episode_length":114.55218505859375,"eval/episode_penalty_reward":-50,"eval/sps":12080.796532387267,"_runtime":20.59367065,"eval/walltime":10.595327854156494,"eval/avg_episode_length":106.9140625,"eval/epoch_eval_time":10.595327854156494,"eval/episode_reach_reward_std":18.92459487915039,"eval/episode_reach_reward":-18.003026962280273,"_timestamp":1.7575112463891478e+09,"eval/episode_bonus_reward":63,"_wandb":{"runtime":20},"eval/episode_bonus_reward_std":128.3705596923828,"eval/episode_penalty_reward_std":0,"eval/episode_reward_std":120.169921875,"eval/episode_reward":-5.003027439117432}