{"eval/walltime":11.207245349884033,"eval/episode_bonus_reward":423.34375,"eval/avg_episode_length":150,"training/policy_loss":-0.00876467116177082,"eval/episode_reward":405.96221923828125,"_timestamp":1.7575466742771475e+09,"_step":1126400,"eval/episode_bonus_reward_std":85.99385833740234,"training/walltime":43.17029619216919,"eval/episode_reach_reward_std":1.1530753374099731,"_runtime":130.364230874,"eval/episode_penalty_reward_std":0,"training/total_loss":0.10468754917383194,"eval/std_episode_length":0,"_wandb":{"runtime":130},"eval/epoch_eval_time":1.2980988025665283,"training/sps":34374.76176387956,"eval/episode_penalty_reward":0,"training/entropy_loss":0.02342192642390728,"eval/episode_reward_std":86.72824096679688,"rollout_video":{"path":"media/videos/rollout_video_563200_70c0e810a722b15f707e.mp4","_type":"video-file","sha256":"70c0e810a722b15f707e29bef305562f4f92302208c63bfab7959fc131774acb","size":153791},"training/v_loss":0.09003029763698578,"eval/sps":14790.861806542642,"eval/episode_reach_reward":-17.38154411315918}