{"_timestamp":1.7575133028322637e+09,"eval/walltime":7.639143228530884,"eval/episode_reach_reward":-11.487715721130371,"_wandb":{"runtime":38},"eval/episode_penalty_reward":-31.25,"eval/std_episode_length":66.50643920898438,"eval/episode_reward":17.356035232543945,"eval/sps":2513.3708618384467,"_runtime":38.723403264,"eval/avg_episode_length":72.546875,"eval/episode_reach_reward_std":10.188087463378906,"eval/episode_reward_std":133.2025604248047,"_step":0,"eval/epoch_eval_time":7.639143228530884,"eval/episode_penalty_reward_std":24.206146240234375,"eval/episode_bonus_reward":60.09375,"eval/episode_bonus_reward_std":123.01876068115234}