{"eval/walltime":5.559925317764282,"eval/episode_bonus_reward":0,"eval/std_episode_length":0,"eval/epoch_eval_time":5.559925317764282,"_step":0,"_wandb":{"runtime":11},"eval/avg_episode_length":150,"eval/episode_act_reg_reward":-365.1668395996094,"eval/episode_penalty_reward_std":0,"eval/episode_act_reg_reward_std":0.33334043622016907,"_timestamp":1.7575411591331005e+09,"eval/episode_bonus_reward_std":0,"_runtime":11.013180757,"eval/episode_penalty_reward":0,"eval/sps":3453.2837947759645}