{"eval/episode_reward_std":120.27919006347656,"eval/walltime":10.503917694091797,"_timestamp":1.757512523074331e+09,"eval/sps":12185.929452969433,"eval/episode_penalty_reward_std":0,"eval/episode_bonus_reward":63.0625,"eval/episode_penalty_reward":-50,"eval/std_episode_length":114.54557037353516,"eval/episode_reach_reward_std":18.92360496520996,"_wandb":{"runtime":32},"_step":0,"eval/episode_reach_reward":-18.00322151184082,"_runtime":32.904603868,"eval/epoch_eval_time":10.503917694091797,"eval/avg_episode_length":106.9140625,"eval/episode_bonus_reward_std":128.48587036132812,"eval/episode_reward":-4.940717697143555}