{"_wandb":{"runtime":33},"eval/episode_bonus_reward_std":128.56439208984375,"eval/episode_reward_std":120.36864471435547,"_step":0,"eval/std_episode_length":114.5230712890625,"eval/avg_episode_length":106.890625,"eval/episode_reward":-4.904369354248047,"eval/episode_penalty_reward_std":0,"eval/epoch_eval_time":10.701170444488525,"eval/episode_penalty_reward":-50,"eval/walltime":10.701170444488525,"eval/episode_reach_reward":-17.998117446899414,"_runtime":33.192865963,"eval/episode_bonus_reward":63.09375,"eval/episode_reach_reward_std":18.919919967651367,"eval/sps":11961.308406775677,"_timestamp":1.7575126188046386e+09}