{"_wandb":{"runtime":30},"eval/avg_episode_length":72.5390625,"_runtime":30.640853023,"eval/episode_penalty_reward_std":24.206146240234375,"eval/episode_reward_std":133.32540893554688,"eval/sps":2476.142885567036,"eval/std_episode_length":66.51384735107422,"_timestamp":1.7575128221909864e+09,"eval/episode_reach_reward_std":10.188966751098633,"eval/episode_penalty_reward":-31.25,"eval/episode_bonus_reward":60.15625,"_step":0,"eval/episode_reach_reward":-11.485530853271484,"eval/epoch_eval_time":7.753995180130005,"eval/episode_bonus_reward_std":123.14056396484375,"eval/episode_reward":17.42071533203125,"eval/walltime":7.753995180130005}