{"eval/epoch_eval_time":4.576547384262085,"eval/episode_penalty_reward":-22.265625,"eval/episode_bonus_reward_std":254.95643615722656,"rollout_video":{"_type":"video-file","sha256":"ea6efc42dc4396d16b5a65398933b71d203caaa8e7616c10f8c810611e827d67","size":16125,"path":"media/videos/rollout_video_245760_ea6efc42dc4396d16b5a.mp4"},"_wandb":{"runtime":418},"eval/episode_bonus_reward":253.15625,"_runtime":418.921026664,"eval/episode_reward_std":269.7911071777344,"training/v_loss":0.781857967376709,"training/walltime":26.222415685653687,"eval/episode_reach_reward":-10.054100036621094,"eval/avg_episode_length":83.84375,"training/entropy_loss":-0.022389277815818787,"eval/std_episode_length":73.83939361572266,"eval/walltime":51.78612542152405,"eval/episode_reach_reward_std":8.746247291564941,"eval/sps":4195.302350856306,"training/sps":16055.736431210646,"training/policy_loss":-0.04496602341532707,"training/total_loss":0.7145026922225952,"eval/episode_penalty_reward_std":24.850013732910156,"eval/episode_reward":220.83651733398438,"_timestamp":1.7575182167502644e+09,"_step":276480}