{"_step":0,"eval/avg_episode_length":106.921875,"eval/episode_reach_reward_std":18.924245834350586,"eval/walltime":11.753195524215698,"_wandb":{"runtime":23},"eval/episode_penalty_reward_std":0,"eval/episode_reward_std":120.16902923583984,"_runtime":23.859111854,"eval/epoch_eval_time":11.753195524215698,"eval/episode_penalty_reward":-50,"eval/episode_bonus_reward_std":128.3705596923828,"eval/episode_reach_reward":-18.004596710205078,"eval/episode_bonus_reward":63,"eval/episode_reward":-5.004593849182129,"eval/std_episode_length":114.5539321899414,"eval/sps":10890.655204048566,"_timestamp":1.757511414667709e+09}