{"eval/sps":2322.809360469847,"eval/episode_bonus_reward":60.125,"eval/episode_reach_reward_std":10.188302993774414,"_timestamp":1.7575141968963256e+09,"eval/episode_reward":17.39086151123047,"_step":0,"eval/epoch_eval_time":8.265852689743042,"_wandb":{"runtime":75},"eval/episode_bonus_reward_std":123.06089782714844,"eval/std_episode_length":66.51185607910156,"eval/episode_penalty_reward":-31.25,"eval/walltime":8.265852689743042,"eval/episode_penalty_reward_std":24.206146240234375,"_runtime":75.523139303,"eval/episode_reach_reward":-11.484142303466797,"eval/episode_reward_std":133.2449951171875,"eval/avg_episode_length":72.53125}