{"eval/walltime":7.764528512954712,"eval/episode_reach_reward":-11.4856538772583,"eval/sps":2472.7837585972925,"eval/episode_reward_std":133.28089904785156,"eval/episode_reward":17.389347076416016,"eval/epoch_eval_time":7.764528512954712,"eval/episode_bonus_reward_std":123.09847259521484,"_wandb":{"runtime":32},"_step":0,"_timestamp":1.7575136960574965e+09,"eval/episode_penalty_reward_std":24.206146240234375,"eval/std_episode_length":66.51384735107422,"eval/episode_bonus_reward":60.125,"_runtime":32.578028671,"eval/episode_reach_reward_std":10.189325332641602,"eval/avg_episode_length":72.5390625,"eval/episode_penalty_reward":-31.25}