{"eval/episode_act_reg_reward_std":19.71988868713379,"eval/epoch_eval_time":0.6038565635681152,"eval/walltime":9.760334491729736,"_wandb":{"runtime":276},"eval/episode_reward_std":49.626888275146484,"eval/episode_penalty_reward_std":0,"eval/episode_penalty_reward":0,"eval/episode_reward":1126.11669921875,"eval/sps":31795.630218125854,"training/v_loss":0.002813211875036359,"rollout_video":{"size":41432,"path":"media/videos/rollout_video_2816000_deb5bb23d2ef805e6ffa.mp4","_type":"video-file","sha256":"deb5bb23d2ef805e6ffae5e94a314a0ca974be38b4afdd159fb13eaa01b1b556"},"training/policy_loss":0.017752114683389664,"eval/episode_act_reg_reward":-33.064796447753906,"training/sps":72700.13201687414,"eval/episode_bonus_reward":1168.46875,"eval/std_episode_length":0,"training/total_loss":0.03363334760069847,"eval/avg_episode_length":150,"_timestamp":1.7575424557290335e+09,"eval/episode_pose_reward_std":6.826102256774902,"eval/episode_bonus_reward_std":32.56770324707031,"training/walltime":54.484219551086426,"eval/episode_pose_reward":-9.287213325500488,"training/entropy_loss":0.013068021275103092,"_step":3379200,"_runtime":276.868693219}