{"eval/walltime":21.803248643875122,"_wandb":{"runtime":369},"eval/episode_penalty_reward_std":0,"eval/episode_reach_reward_std":0.436896413564682,"eval/episode_bonus_reward_std":93.45016479492188,"eval/episode_penalty_reward":0,"eval/episode_reward":617.283447265625,"training/entropy_loss":0.031153062358498573,"_step":5068800,"eval/episode_reward_std":93.80147552490234,"eval/episode_bonus_reward":629.4375,"_runtime":369.914500487,"training/policy_loss":-0.015208560042083263,"_timestamp":1.7575478697973945e+09,"training/walltime":157.27133584022522,"rollout_video":{"_type":"video-file","sha256":"f29524b1e9037338c84369d28da166cb96d60132660eb23a825952e917757587","size":227866,"path":"media/videos/rollout_video_4505600_f29524b1e9037338c843.mp4"},"eval/std_episode_length":0,"training/total_loss":0.04591192677617073,"training/sps":33809.28582021816,"eval/episode_reach_reward":-12.154014587402344,"training/v_loss":0.029967423528432846,"eval/epoch_eval_time":1.5366058349609375,"eval/sps":12495.071646326325,"eval/avg_episode_length":150}