{"_wandb":{"runtime":33},"eval/episode_penalty_reward_std":0,"_timestamp":1.7575117892522728e+09,"eval/epoch_eval_time":10.828274965286255,"eval/sps":11820.904106180149,"eval/episode_penalty_reward":-50,"eval/episode_reach_reward":-18.004669189453125,"eval/episode_reward":-5.004672050476074,"eval/std_episode_length":114.56333923339844,"eval/episode_reward_std":120.20478057861328,"_step":0,"eval/avg_episode_length":106.921875,"eval/walltime":10.828274965286255,"_runtime":33.50619083,"eval/episode_bonus_reward":63,"eval/episode_bonus_reward_std":128.40074157714844,"eval/episode_reach_reward_std":18.928503036499023}