{"eval/episode_reward":618.3394165039062,"eval/episode_penalty_reward_std":273.4642639160156,"_step":5068800,"eval/std_episode_length":0,"training/policy_loss":-0.029738347977399826,"eval/avg_episode_length":150,"_runtime":380.61059658,"training/walltime":162.6518268585205,"training/entropy_loss":0.01132419053465128,"_wandb":{"runtime":380},"eval/sps":11617.724181857133,"eval/episode_penalty_reward":-195.3125,"training/sps":33594.4461348259,"eval/episode_reward_std":362.8086853027344,"training/total_loss":1.5589855909347534,"eval/episode_reach_reward":-12.06680679321289,"rollout_video":{"sha256":"9da6f7c250c53bb36b0ab3576936cd7f2a7b6e3b361ee239590b17f184dea2c8","size":222663,"path":"media/videos/rollout_video_4505600_9da6f7c250c53bb36b0a.mp4","_type":"video-file"},"eval/episode_reach_reward_std":2.073305130004883,"eval/epoch_eval_time":1.6526472568511963,"eval/episode_bonus_reward_std":170.6140899658203,"training/v_loss":1.577399730682373,"eval/episode_bonus_reward":825.71875,"eval/walltime":20.258615732192993,"_timestamp":1.7575439607818055e+09}