{"training/walltime":10.83839750289917,"eval/sps":3952.9005681813996,"eval/episode_reach_reward":-2.7229723930358887,"training/total_loss":0.7822214961051941,"_wandb":{"runtime":100},"eval/episode_reach_reward_std":2.2980117797851562,"eval/episode_reward_std":21.269113540649414,"eval/episode_penalty_reward":-50,"eval/episode_bonus_reward":13.34375,"eval/walltime":15.305948495864868,"_runtime":100.845229381,"eval/episode_penalty_reward_std":0,"eval/avg_episode_length":16.3515625,"training/entropy_loss":-0.02434523031115532,"_timestamp":1.757518989304229e+09,"eval/epoch_eval_time":4.857192754745483,"training/sps":2834.367349212159,"training/v_loss":0.7777398824691772,"eval/episode_reward":-39.37922668457031,"_step":61440,"training/policy_loss":0.028826888650655746,"eval/episode_bonus_reward_std":22.16572380065918,"eval/std_episode_length":14.215192794799805,"rollout_video":{"size":16125,"path":"media/videos/rollout_video_30720_ea6efc42dc4396d16b5a.mp4","_type":"video-file","sha256":"ea6efc42dc4396d16b5a65398933b71d203caaa8e7616c10f8c810611e827d67"}}