{"_runtime":294.580041543,"eval/episode_penalty_reward_std":755.7323608398438,"training/policy_loss":-0.03796277195215225,"training/v_loss":68.28276062011719,"eval/episode_reward":-179.04977416992188,"eval/episode_bonus_reward":216.03125,"eval/sps":6419.742005419708,"training/sps":18238.51529286735,"_timestamp":1.7575192814111521e+09,"eval/episode_penalty_reward":-373.828125,"training/walltime":21.785287380218506,"_wandb":{"runtime":294},"eval/avg_episode_length":150,"eval/episode_bonus_reward_std":190.90016174316406,"eval/episode_reach_reward":-21.252904891967773,"training/total_loss":68.22370147705078,"rollout_video":{"path":"media/videos/rollout_video_215040_e0c376d722a50770fe4f.mp4","_type":"video-file","sha256":"e0c376d722a50770fe4f82eda640ddd8cc734d3ff46ff7c8f133e366906e0f6d","size":224448},"_step":245760,"eval/epoch_eval_time":2.990774393081665,"eval/walltime":29.83583092689514,"eval/std_episode_length":0,"training/entropy_loss":-0.02109503746032715,"eval/episode_reward_std":840.85107421875,"eval/episode_reach_reward_std":3.3358449935913086}