{"training/total_loss":0.1993657797574997,"eval/std_episode_length":30.649160385131836,"eval/episode_reach_reward_std":5.079597473144531,"eval/episode_reward_std":25.551040649414062,"eval/epoch_eval_time":4.584163188934326,"_wandb":{"runtime":56},"_timestamp":1.7575164110942018e+09,"eval/sps":4188.332572092268,"training/entropy_loss":-0.023812999948859215,"eval/walltime":28.272244691848755,"eval/episode_reach_reward":-4.816517353057861,"training/policy_loss":-0.04732765257358551,"eval/episode_reward":-37.62902069091797,"eval/episode_penalty_reward":-50,"training/walltime":16.14152479171753,"_step":122880,"training/sps":17270.71776496847,"eval/episode_bonus_reward_std":28.277019500732422,"_runtime":56.213612043,"eval/avg_episode_length":28.5625,"training/v_loss":0.27050644159317017,"eval/episode_bonus_reward":17.1875,"eval/episode_penalty_reward_std":0}