{"training/policy_loss":-0.04378151893615723,"eval/avg_episode_length":82.7578125,"eval/epoch_eval_time":2.6105241775512695,"_timestamp":1.757526532221131e+09,"training/total_loss":0.029485531151294708,"eval/std_episode_length":73.88247680664062,"training/v_loss":0.08141233026981354,"rollout_video":{"path":"media/videos/rollout_video_4505600_72810bf2da0106a9d308.mp4","_type":"video-file","sha256":"72810bf2da0106a9d3080870d5c74068e2682cfcd0d58a678b9a534cc5917a0e","size":22974},"eval/episode_reach_reward_std":6.720975399017334,"eval/episode_penalty_reward":-22.65625,"_runtime":460.130254387,"eval/episode_bonus_reward":330,"eval/episode_bonus_reward_std":313.30535888671875,"training/entropy_loss":-0.00814527552574873,"eval/episode_reward":299.759765625,"eval/episode_reach_reward":-7.583984375,"eval/sps":7354.844733907054,"_wandb":{"runtime":460},"eval/episode_penalty_reward_std":24.889894485473633,"_step":5068800,"training/sps":31006.48591188305,"eval/episode_reward_std":331.2457580566406,"training/walltime":172.0042998790741,"eval/walltime":30.537940502166748}