{"eval/walltime":12.626217603683472,"_runtime":105.20338108,"eval/episode_bonus_reward_std":15.345499992370605,"eval/sps":1520.6454222996083,"eval/std_episode_length":13.366781234741211,"eval/episode_bonus_reward":8.125,"eval/epoch_eval_time":12.626217603683472,"eval/episode_penalty_reward_std":0,"eval/episode_reach_reward":-2.1551661491394043,"_timestamp":1.757515176067258e+09,"_wandb":{"runtime":105},"eval/episode_reward":-44.03016662597656,"_step":0,"eval/episode_reach_reward_std":2.1324634552001953,"eval/avg_episode_length":12.6796875,"eval/episode_reward_std":14.177892684936523,"eval/episode_penalty_reward":-50}