{"training/walltime":43.40569615364075,"eval/episode_reward":242.10873413085938,"eval/episode_bonus_reward_std":75.46392059326172,"training/entropy_loss":-0.015000805258750916,"_runtime":135.109978154,"eval/avg_episode_length":150,"eval/episode_bonus_reward":500.90625,"eval/episode_reward_std":397.0157470703125,"training/v_loss":72.45632934570312,"eval/sps":15088.789846653164,"rollout_video":{"path":"media/videos/rollout_video_563200_3dbe98fcd8dd6efc1ad6.mp4","_type":"video-file","sha256":"3dbe98fcd8dd6efc1ad678f8c561938773a74438c65e4bc8093b838d4c337605","size":31073},"training/total_loss":72.41883850097656,"_timestamp":1.7575435425743477e+09,"eval/episode_reach_reward":-17.00062370300293,"eval/epoch_eval_time":1.272467851638794,"eval/episode_reach_reward_std":2.1024413108825684,"eval/episode_penalty_reward":-241.796875,"training/policy_loss":-0.02249157801270485,"eval/episode_penalty_reward_std":353.7619934082031,"_step":1126400,"training/sps":33429.5777504735,"eval/walltime":9.220190048217773,"eval/std_episode_length":0,"_wandb":{"runtime":135}}