{"_step":0,"eval/std_episode_length":66.51384735107422,"eval/episode_reach_reward_std":10.189528465270996,"eval/avg_episode_length":72.5390625,"eval/episode_penalty_reward_std":24.206146240234375,"eval/epoch_eval_time":7.406320333480835,"eval/walltime":7.406320333480835,"eval/episode_reward_std":133.23228454589844,"eval/episode_bonus_reward":60.09375,"_wandb":{"runtime":31},"eval/episode_reward":17.357940673828125,"eval/episode_bonus_reward_std":123.05025482177734,"_runtime":31.032826777,"eval/episode_reach_reward":-11.485809326171875,"_timestamp":1.7575135983201928e+09,"eval/episode_penalty_reward":-31.25,"eval/sps":2592.3804447405464}