{"eval/episode_reward":17.387453079223633,"_runtime":36.112839558,"eval/walltime":7.836616277694702,"eval/episode_reward_std":133.3196258544922,"eval/episode_bonus_reward":60.125,"eval/std_episode_length":66.50643920898438,"_wandb":{"runtime":36},"eval/episode_reach_reward":-11.487543106079102,"eval/episode_penalty_reward_std":24.206146240234375,"eval/episode_penalty_reward":-31.25,"eval/avg_episode_length":72.546875,"eval/episode_bonus_reward_std":123.13806915283203,"eval/sps":2450.0370210353167,"eval/episode_reach_reward_std":10.187921524047852,"_timestamp":1.7575135144166255e+09,"eval/epoch_eval_time":7.836616277694702,"_step":0}