{"eval/episode_solved_frac_std":0,"eval/episode_bonus_reward":89.4375,"training/v_loss":2.359927177429199,"eval/sps":10702.656013268903,"eval/avg_episode_length":99.7109375,"eval/episode_reach_reward":-14.568225860595703,"eval/episode_reach_reward_std":0.7140341401100159,"eval/episode_reward_std":47.613189697265625,"eval/episode_penalty_reward_std":10.568553924560547,"training/sps":32619.385424327385,"training/walltime":15.579873323440552,"eval/episode_solved":0,"eval/episode_solved_std":0,"eval/walltime":15.142897605895996,"eval/episode_reward":72.52552032470703,"training/entropy_loss":-0.0074509521946311,"eval/episode_penalty_reward":-2.34375,"_step":184320,"_runtime":195.223321242,"eval/episode_solved_frac":0,"training/total_loss":2.4012229442596436,"eval/std_episode_length":1.4903457164764404,"eval/episode_bonus_reward_std":47.3173713684082,"_timestamp":1.7575827154967096e+09,"rollout_video":{"sha256":"c1d86396fe473ef44c57f81a6c35bc1ee8f18849229b2f4c46fcec8560333131","size":262730,"path":"media/videos/rollout_video_153600_c1d86396fe473ef44c57.mp4","_type":"video-file"},"_wandb":{"runtime":195},"eval/epoch_eval_time":1.1959648132324219,"training/policy_loss":0.048746850341558456}