{"_timestamp":1.757519648442307e+09,"eval/epoch_eval_time":2.6364643573760986,"_step":2816000,"training/sps":17735.71820126126,"eval/episode_reward":475.476806640625,"eval/episode_bonus_reward_std":49.632389068603516,"training/entropy_loss":-0.0037170087452977896,"eval/std_episode_length":0,"_runtime":359.937295056,"training/walltime":168.19027495384216,"eval/episode_penalty_reward":-95.3125,"eval/episode_bonus_reward":584.03125,"eval/episode_penalty_reward_std":152.25357055664062,"training/total_loss":3.3191981315612793,"eval/episode_reward_std":175.50576782226562,"rollout_video":{"size":232075,"path":"media/videos/rollout_video_2252800_dec4cf5ebeba0e818967.mp4","_type":"video-file","sha256":"dec4cf5ebeba0e81896732fd6ac8b511af8db2021b39233587b7e135c06ea0a0"},"eval/episode_reach_reward_std":1.3924064636230469,"training/v_loss":3.3472771644592285,"eval/walltime":20.87758445739746,"_wandb":{"runtime":359},"eval/sps":7282.480397007343,"eval/episode_reach_reward":-13.241968154907227,"eval/avg_episode_length":150,"training/policy_loss":-0.0243622288107872}