{"eval/episode_penalty_reward_std":0,"_wandb":{"runtime":21},"eval/epoch_eval_time":10.939894914627075,"eval/episode_reach_reward":-18.002918243408203,"eval/episode_reward":-4.9716691970825195,"eval/episode_reach_reward_std":18.928316116333008,"_timestamp":1.757511001629705e+09,"_runtime":21.202571455,"eval/episode_reward_std":120.20709991455078,"eval/episode_bonus_reward_std":128.41021728515625,"eval/std_episode_length":114.56855010986328,"eval/walltime":10.939894914627075,"eval/episode_penalty_reward":-50,"eval/episode_bonus_reward":63.03125,"_step":0,"eval/avg_episode_length":106.9140625,"eval/sps":11700.295203828595}