{"eval/episode_penalty_reward":-50,"eval/episode_penalty_reward_std":0,"_timestamp":1.757516673705685e+09,"_step":0,"eval/episode_reward":-44.030029296875,"eval/walltime":10.352071762084961,"eval/episode_reward_std":14.178171157836914,"_runtime":15.279216393,"_wandb":{"runtime":15},"eval/epoch_eval_time":10.352071762084961,"eval/episode_bonus_reward_std":15.345499992370605,"eval/episode_bonus_reward":8.125,"eval/avg_episode_length":12.6796875,"eval/episode_reach_reward":-2.155029773712158,"eval/sps":1854.7012077641375,"eval/episode_reach_reward_std":2.1321842670440674,"eval/std_episode_length":13.366781234741211}