{"training/sps":34849.758927381976,"eval/epoch_eval_time":1.3194513320922852,"eval/episode_penalty_reward_std":0,"eval/walltime":12.14024567604065,"eval/episode_reward_std":68.35163116455078,"training/policy_loss":-0.020787857472896576,"_timestamp":1.757546522111594e+09,"eval/episode_bonus_reward":453.65625,"training/entropy_loss":0.014048300683498383,"eval/avg_episode_length":150,"rollout_video":{"sha256":"4990cfaf42999775022a599a86e3b478dea5de77579cf4468d1b410d71ebcc23","size":169802,"path":"media/videos/rollout_video_1126400_4990cfaf42999775022a.mp4","_type":"video-file"},"eval/episode_reach_reward":-16.41049575805664,"_step":1689600,"eval/episode_reach_reward_std":1.259210467338562,"eval/episode_reward":437.2457275390625,"training/walltime":58.50549578666687,"_runtime":161.086471072,"_wandb":{"runtime":161},"eval/sps":14551.502986892367,"eval/episode_bonus_reward_std":67.41944885253906,"training/total_loss":0.16577030718326569,"eval/episode_penalty_reward":0,"eval/std_episode_length":0,"training/v_loss":0.17250986397266388}