{"training/policy_loss":-0.04049815237522125,"eval/episode_bonus_reward":154.6875,"eval/episode_reach_reward_std":9.455476760864258,"eval/avg_episode_length":78.8515625,"training/total_loss":0.14600679278373718,"eval/walltime":10.356470584869385,"training/walltime":27.631616830825806,"eval/episode_reward_std":213.95681762695312,"eval/episode_reward":119.07319641113281,"_timestamp":1.7575408306911914e+09,"training/entropy_loss":-0.022525299340486526,"training/sps":20382.44824572461,"eval/episode_reach_reward":-10.61430549621582,"eval/epoch_eval_time":2.3461904525756836,"eval/episode_penalty_reward_std":25,"eval/sps":8183.478872707008,"eval/episode_penalty_reward":-25,"training/v_loss":0.20903025567531586,"_step":563200,"rollout_video":{"path":"media/videos/rollout_video_0_91de81d46c84498f8afe.mp4","_type":"video-file","sha256":"91de81d46c84498f8afec7c8e1bec4467cccaa548cd230ba7d5a4ebc9fc23651","size":21434},"_wandb":{"runtime":107},"_runtime":107.19138692,"eval/episode_bonus_reward_std":200.40650939941406,"eval/std_episode_length":71.62358856201172}