{"eval/episode_reach_reward_std":10.189640045166016,"eval/episode_reach_reward":-11.48591136932373,"eval/walltime":7.480879306793213,"eval/epoch_eval_time":7.480879306793213,"eval/episode_bonus_reward":60.0625,"_wandb":{"runtime":31},"eval/sps":2566.543211379567,"eval/episode_bonus_reward_std":123.0223388671875,"eval/episode_penalty_reward":-31.25,"eval/std_episode_length":66.51384735107422,"eval/episode_reward":17.32659149169922,"eval/avg_episode_length":72.5390625,"eval/episode_reward_std":133.2008514404297,"_runtime":31.310330518,"_step":0,"_timestamp":1.7575133809192643e+09,"eval/episode_penalty_reward_std":24.206146240234375}