{"eval/std_episode_length":114.5165023803711,"eval/walltime":10.629810333251953,"eval/avg_episode_length":106.8984375,"_runtime":33.10345796,"eval/episode_penalty_reward_std":0,"eval/episode_bonus_reward_std":128.4510955810547,"_wandb":{"runtime":33},"eval/episode_bonus_reward":63.03125,"eval/episode_reach_reward":-17.999374389648438,"_step":0,"eval/episode_reward":-4.968128681182861,"eval/epoch_eval_time":10.629810333251953,"eval/episode_reach_reward_std":18.91798210144043,"_timestamp":1.7575121016646135e+09,"eval/episode_penalty_reward":-50,"eval/episode_reward_std":120.25967407226562,"eval/sps":12041.607139460715}