{"_runtime":173.420524456,"eval/episode_act_reg_reward":-366.8446044921875,"eval/episode_bonus_reward":0,"eval/episode_bonus_reward_std":0,"eval/sps":20168.074338538474,"training/sps":102737.52131583313,"rollout_video":{"path":"media/videos/rollout_video_1126400_5e10a82aafa376e25018.mp4","_type":"video-file","sha256":"5e10a82aafa376e250188676a9e70e882a5f4f51b960ec385d3bc496b99f3607","size":22072},"eval/avg_episode_length":150,"eval/std_episode_length":0,"eval/epoch_eval_time":0.9519996643066406,"eval/episode_penalty_reward":0,"training/walltime":24.88122868537903,"eval/walltime":8.731159448623657,"_wandb":{"runtime":173},"_timestamp":1.7575414479545522e+09,"eval/episode_act_reg_reward_std":0,"_step":1689600,"eval/episode_penalty_reward_std":0}