{"eval/avg_episode_length":106.9140625,"eval/episode_reward":-4.940263748168945,"eval/episode_bonus_reward":63.0625,"_step":0,"_wandb":{"runtime":21},"eval/std_episode_length":114.56057739257812,"eval/episode_reach_reward":-18.002761840820312,"eval/episode_penalty_reward_std":0,"eval/sps":12186.700377540326,"eval/episode_reward_std":120.2785873413086,"_timestamp":1.7575114955727906e+09,"eval/walltime":10.50325322151184,"eval/episode_bonus_reward_std":128.48587036132812,"_runtime":21.577636723,"eval/episode_reach_reward_std":18.925493240356445,"eval/epoch_eval_time":10.50325322151184,"eval/episode_penalty_reward":-50}