{"eval/sps":2608.6188759892543,"_runtime":30.435864688,"eval/episode_act_reg_reward_std":0.2609713077545166,"eval/std_episode_length":0,"eval/epoch_eval_time":7.3602166175842285,"_timestamp":1.7575153666767485e+09,"_wandb":{"runtime":30},"eval/avg_episode_length":150,"eval/episode_act_reg_reward":-354.2142333984375,"eval/walltime":7.3602166175842285,"_step":0,"eval/episode_bonus_reward":0,"eval/episode_penalty_reward":0,"eval/episode_penalty_reward_std":0,"eval/episode_bonus_reward_std":0}