{"_runtime":181.494942161,"eval/episode_reach_reward":-2.1551804542541504,"eval/episode_reward":-44.030181884765625,"_timestamp":1.7575164716050093e+09,"eval/episode_reward_std":14.177980422973633,"eval/episode_penalty_reward":-50,"_step":0,"eval/std_episode_length":13.366781234741211,"eval/episode_penalty_reward_std":0,"eval/sps":1814.395352517016,"eval/episode_reach_reward_std":2.1323111057281494,"eval/episode_bonus_reward":8.125,"eval/epoch_eval_time":10.582037687301636,"eval/avg_episode_length":12.6796875,"eval/episode_bonus_reward_std":15.345499992370605,"eval/walltime":10.582037687301636,"_wandb":{"runtime":181}}