{"_wandb":{"runtime":76},"training/entropy_loss":-0.022694429382681847,"training/walltime":23.397935152053833,"eval/sps":4755.079994893629,"_step":215040,"training/v_loss":0.7208175659179688,"_runtime":76.147509385,"eval/episode_bonus_reward":247,"eval/episode_bonus_reward_std":249.4599151611328,"eval/episode_penalty_reward_std":24.47882080078125,"eval/episode_reward":216.03382873535156,"eval/avg_episode_length":90.8359375,"_timestamp":1.7575163369856567e+09,"eval/episode_reach_reward":-11.044297218322754,"eval/episode_reach_reward_std":8.76700210571289,"training/policy_loss":-0.04420402646064758,"eval/epoch_eval_time":4.037786960601807,"training/sps":18757.453561301092,"training/total_loss":0.6539191603660583,"eval/std_episode_length":72.70442962646484,"eval/walltime":41.27086305618286,"eval/episode_reward_std":262.9768371582031,"eval/episode_penalty_reward":-19.921875}