{"training/entropy_loss":0.004106964450329542,"eval/episode_bonus_reward":197.21875,"eval/episode_penalty_reward":-35.546875,"_runtime":2281.340946943,"eval/episode_reach_reward_std":2.6727864742279053,"eval/episode_solved_std":0.4496091902256012,"eval/avg_episode_length":29.6171875,"eval/episode_reward":159.76873779296875,"training/total_loss":130.9804229736328,"eval/episode_solved":0.28125,"_timestamp":1.7575853887336137e+09,"eval/std_episode_length":44.879371643066406,"_wandb":{"runtime":2281},"eval/episode_bonus_reward_std":310.67047119140625,"eval/episode_solved_frac_std":0.3487492501735687,"eval/epoch_eval_time":3.0014960765838623,"eval/episode_solved_frac":0.2175780087709427,"eval/episode_reward_std":330.63079833984375,"training/policy_loss":-0.014376909472048283,"_step":11264000,"eval/episode_reach_reward":-1.9031380414962769,"training/v_loss":130.99070739746094,"eval/sps":4264.539973868051,"eval/episode_penalty_reward_std":22.666349411010742,"eval/walltime":107.18552041053772,"rollout_video":{"_type":"video-file","sha256":"7880b575bfab6de1b07592669b5dfc64a0dd9e722ad6f1755fcba3cdb2eba236","size":202143,"path":"media/videos/rollout_video_11008000_7880b575bfab6de1b075.mp4"},"training/sps":29541.16421658616,"training/walltime":374.81561756134033}