{"training/sps":16411.80335185455,"eval/episode_reach_reward_std":3.265756607055664,"training/v_loss":0.27696678042411804,"eval/avg_episode_length":18.984375,"_timestamp":1.7575177756418905e+09,"eval/episode_penalty_reward_std":0,"_wandb":{"runtime":175},"eval/std_episode_length":19.774898529052734,"eval/episode_bonus_reward_std":23.099563598632812,"eval/episode_bonus_reward":12.8125,"eval/episode_reward":-40.39239501953125,"eval/episode_penalty_reward":-50,"eval/episode_reward_std":21.69987678527832,"training/policy_loss":-0.046415042132139206,"_step":92160,"rollout_video":{"size":16125,"path":"media/videos/rollout_video_61440_ea6efc42dc4396d16b5a.mp4","_type":"video-file","sha256":"ea6efc42dc4396d16b5a65398933b71d203caaa8e7616c10f8c810611e827d67"},"eval/epoch_eval_time":4.764357089996338,"training/entropy_loss":-0.024016663432121277,"eval/episode_reach_reward":-3.2048981189727783,"eval/walltime":24.37481117248535,"training/walltime":14.491544961929321,"training/total_loss":0.20653507113456726,"_runtime":175.419001204,"eval/sps":4029.9246335489847}