{"eval/episode_bonus_reward":63,"eval/std_episode_length":114.52373504638672,"eval/episode_reach_reward":-17.99945831298828,"eval/episode_penalty_reward_std":0,"eval/epoch_eval_time":10.265104532241821,"eval/sps":12469.429765470275,"eval/episode_reward":-4.999457836151123,"eval/episode_bonus_reward_std":128.44259643554688,"eval/episode_reward_std":120.24424743652344,"eval/episode_reach_reward_std":18.918502807617188,"eval/episode_penalty_reward":-50,"eval/walltime":10.265104532241821,"_step":0,"eval/avg_episode_length":106.8984375,"_timestamp":1.7575122442525563e+09,"_wandb":{"runtime":33},"_runtime":33.199140842}