{"rollout_video":{"path":"media/videos/rollout_video_563200_72810bf2da0106a9d308.mp4","_type":"video-file","sha256":"72810bf2da0106a9d3080870d5c74068e2682cfcd0d58a678b9a534cc5917a0e","size":22974},"eval/avg_episode_length":82.296875,"eval/epoch_eval_time":2.294767141342163,"_timestamp":1.7575403140734813e+09,"_step":1126400,"eval/episode_penalty_reward":-23.4375,"eval/episode_bonus_reward_std":216.71630859375,"eval/episode_reach_reward":-10.715201377868652,"training/sps":20470.726856940226,"training/entropy_loss":-0.022557860240340233,"eval/episode_reward_std":230.8704376220703,"training/policy_loss":-0.0407828651368618,"_runtime":127.054284421,"eval/sps":8366.86200272604,"eval/episode_penalty_reward_std":24.95112419128418,"training/walltime":27.512457370758057,"eval/walltime":10.022093296051025,"training/v_loss":0.20863744616508484,"eval/std_episode_length":72.3388671875,"eval/episode_reward":154.2535400390625,"eval/episode_reach_reward_std":9.309873580932617,"eval/episode_bonus_reward":188.40625,"_wandb":{"runtime":127},"training/total_loss":0.14529672265052795}