{"eval/walltime":28.401535272598267,"training/sps":34562.765835928345,"rollout_video":{"path":"media/videos/rollout_video_4505600_9e7a8c5ed8e1251b4a5d.mp4","_type":"video-file","sha256":"9e7a8c5ed8e1251b4a5d2a9f8233f35a2d169c2229b97d9120686dd569b8be1f","size":162440},"eval/episode_penalty_reward":0,"eval/episode_bonus_reward_std":150.52700805664062,"eval/epoch_eval_time":1.6651806831359863,"_wandb":{"runtime":391},"eval/episode_reward":823.5235595703125,"_timestamp":1.7575458965871305e+09,"eval/episode_reach_reward":-10.820175170898438,"training/entropy_loss":0.04750019684433937,"eval/episode_reward_std":150.84471130371094,"eval/std_episode_length":0,"training/total_loss":0.07720905542373657,"training/v_loss":0.04059154912829399,"_step":5068800,"eval/episode_bonus_reward":834.34375,"eval/episode_reach_reward_std":0.3950086534023285,"training/walltime":158.79840207099915,"eval/sps":11530.280283963659,"eval/episode_penalty_reward_std":0,"_runtime":391.249877218,"training/policy_loss":-0.010882697068154812,"eval/avg_episode_length":150}