{"_timestamp":1.757518861002245e+09,"eval/avg_episode_length":91.921875,"eval/epoch_eval_time":4.367950201034546,"eval/episode_bonus_reward_std":264.0037536621094,"eval/episode_reach_reward_std":8.285103797912598,"eval/episode_reward":262.0057678222656,"eval/std_episode_length":72.54228973388672,"training/walltime":31.9481098651886,"training/policy_loss":-0.04615867882966995,"eval/episode_reach_reward":-10.525482177734375,"eval/episode_penalty_reward_std":24.39452362060547,"_wandb":{"runtime":445},"eval/episode_reward_std":279.0036315917969,"training/total_loss":0.5868794322013855,"training/entropy_loss":-0.02145199477672577,"training/v_loss":0.6544901132583618,"eval/walltime":66.20720720291138,"training/sps":15480.334824711055,"rollout_video":{"size":16125,"path":"media/videos/rollout_video_337920_ea6efc42dc4396d16b5a.mp4","_type":"video-file","sha256":"ea6efc42dc4396d16b5a65398933b71d203caaa8e7616c10f8c810611e827d67"},"eval/episode_bonus_reward":292.0625,"_runtime":445.732762188,"eval/sps":4395.654509855101,"eval/episode_penalty_reward":-19.53125,"_step":368640}