{"_step":0,"eval/walltime":10.358159065246582,"_runtime":68.833780501,"eval/epoch_eval_time":10.358159065246582,"eval/episode_penalty_reward_std":0,"eval/episode_reach_reward":-2.138972282409668,"eval/std_episode_length":13.285688400268555,"_wandb":{"runtime":68},"eval/episode_penalty_reward":-50,"eval/sps":1853.611233333858,"eval/episode_bonus_reward_std":15.304717063903809,"eval/avg_episode_length":12.578125,"eval/episode_reach_reward_std":2.121060609817505,"_timestamp":1.7575183606934226e+09,"eval/episode_reward_std":14.151653289794922,"eval/episode_bonus_reward":8.125,"eval/episode_reward":-44.01396942138672,"rollout_video":{"sha256":"ea6efc42dc4396d16b5a65398933b71d203caaa8e7616c10f8c810611e827d67","size":16125,"path":"media/videos/rollout_video_0_ea6efc42dc4396d16b5a.mp4","_type":"video-file"}}