{"eval/episode_reward_std":120.17564392089844,"eval/episode_reward":-4.999766826629639,"eval/sps":11218.17468674491,"_wandb":{"runtime":33},"eval/epoch_eval_time":11.410055875778198,"eval/episode_reach_reward_std":18.920740127563477,"_timestamp":1.7575116017286315e+09,"eval/avg_episode_length":106.8984375,"_step":0,"eval/std_episode_length":114.53014373779297,"_runtime":33.398914763,"eval/episode_penalty_reward":-50,"eval/walltime":11.410055875778198,"eval/episode_penalty_reward_std":0,"eval/episode_bonus_reward":63,"eval/episode_reach_reward":-17.99976348876953,"eval/episode_bonus_reward_std":128.3705596923828}