{"eval/episode_reward_std":26.99419593811035,"eval/episode_reward":-37.21611785888672,"eval/walltime":29.108584880828857,"eval/avg_episode_length":29.8046875,"eval/episode_penalty_reward":-50,"training/sps":16806.336040845774,"eval/episode_bonus_reward":17.8125,"eval/episode_reach_reward_std":5.411959171295166,"training/v_loss":0.2687723636627197,"eval/episode_bonus_reward_std":29.67683982849121,"eval/epoch_eval_time":4.92381739616394,"eval/episode_penalty_reward_std":0,"training/policy_loss":-0.04802635312080383,"rollout_video":{"_type":"video-file","sha256":"50325da4126274f1d434c6a891364bc6bab472766b807ca2690e95286125ec22","size":19279,"path":"media/videos/rollout_video_92160_50325da4126274f1d434.mp4"},"eval/sps":3899.4134946918184,"eval/episode_reach_reward":-5.028618812561035,"_wandb":{"runtime":214},"_timestamp":1.7575173273507876e+09,"training/entropy_loss":-0.02377670630812645,"_step":122880,"training/total_loss":0.19696930050849915,"training/walltime":15.822304725646973,"eval/std_episode_length":32.2500114440918,"_runtime":214.246792962}