{"eval/episode_act_reg_reward":-106.7226791381836,"eval/episode_pose_reward":-10.560079574584961,"eval/episode_reward_std":51.492218017578125,"eval/epoch_eval_time":0.6023478507995605,"_runtime":111.382387037,"eval/episode_bonus_reward_std":36.02120590209961,"eval/episode_reward":1037.40478515625,"eval/sps":31875.269372197134,"_timestamp":1.7575416039961011e+09,"training/policy_loss":-0.014236683957278728,"eval/episode_bonus_reward":1154.6875,"eval/avg_episode_length":150,"eval/walltime":17.73180913925171,"training/sps":35874.078448691136,"training/entropy_loss":0.0009539998136460781,"_wandb":{"runtime":111},"training/v_loss":0.7172691822052002,"training/total_loss":0.7039865255355835,"eval/episode_pose_reward_std":6.1246442794799805,"_step":563200,"eval/std_episode_length":0,"rollout_video":{"path":"media/videos/rollout_video_0_f24f0a1d6b830aca313b.mp4","_type":"video-file","sha256":"f24f0a1d6b830aca313b83fb16e3f9c5db87a87cc6f22d8d0a345ef05943cc35","size":18718},"eval/episode_penalty_reward":0,"training/walltime":15.699357986450195,"eval/episode_act_reg_reward_std":10.551213264465332,"eval/episode_penalty_reward_std":0}