{"_step":0,"eval/episode_reward":-44.03003692626953,"eval/sps":1978.556596270771,"eval/episode_reach_reward_std":2.1321396827697754,"eval/episode_bonus_reward_std":15.345499992370605,"eval/episode_bonus_reward":8.125,"eval/episode_reward_std":14.17828369140625,"eval/avg_episode_length":12.6796875,"eval/episode_penalty_reward_std":0,"eval/episode_reach_reward":-2.1550354957580566,"eval/std_episode_length":13.366781234741211,"_wandb":{"runtime":70},"eval/epoch_eval_time":9.704043865203857,"eval/walltime":9.704043865203857,"_timestamp":1.7575159766665142e+09,"_runtime":70.024027749,"eval/episode_penalty_reward":-50}