{"eval/episode_reward":-5.001288890838623,"eval/std_episode_length":114.5384292602539,"eval/sps":11179.687807638978,"eval/episode_bonus_reward_std":128.43675231933594,"eval/avg_episode_length":106.90625,"eval/episode_reach_reward_std":18.920896530151367,"_runtime":21.795415111,"eval/episode_penalty_reward":-50,"eval/epoch_eval_time":11.449335813522339,"eval/episode_reach_reward":-18.00128936767578,"_timestamp":1.7575115434837525e+09,"_wandb":{"runtime":21},"_step":0,"eval/episode_reward_std":120.23331451416016,"eval/walltime":11.449335813522339,"eval/episode_bonus_reward":63,"eval/episode_penalty_reward_std":0}